model,horizon,roc_auc,pr_auc,precision,recall,top_decile_lift
lightgbm,deteriorates_in_30d,0.9902012246431803,0.9309122357553473,0.7865347798340778,0.9294871794871795,8.33
logistic_regression,deteriorates_in_30d,0.9843339020150476,0.9246657883807808,0.525433992733145,0.981523378582202,8.25
xgboost,deteriorates_in_30d,0.992218269706583,0.9522809224640891,0.6247910198232625,0.9864253393665159,8.51
lightgbm,deteriorates_in_60d,0.9761131804562808,0.8990700600859557,0.9743589743589743,0.01452599388379205,6.94
logistic_regression,deteriorates_in_60d,0.9603194341241058,0.8879661180514721,0.4539111274329783,0.944954128440367,6.9
xgboost,deteriorates_in_60d,0.9778487894770544,0.9296719627117047,0.6203473945409429,0.9556574923547401,7.2
lightgbm,deteriorates_in_90d,0.9507545419747956,0.8539527387141298,0.0,0.0,6.16
logistic_regression,deteriorates_in_90d,0.9348532084846746,0.8409492976270588,0.4288957688338493,0.9102058694699956,5.85
xgboost,deteriorates_in_90d,0.9584749527872007,0.902735654164015,0.5437918598660484,0.9246605343845817,6.29
