model,horizon,roc_auc,pr_auc,top_decile_lift
lightgbm,deteriorates_in_30d,0.9895655325023265,0.9222111501829056,8.25
logistic_regression,deteriorates_in_30d,0.9843339020150476,0.9246657883807808,8.25
xgboost,deteriorates_in_30d,0.9917279032126128,0.9482822823812669,8.45
lightgbm,deteriorates_in_60d,0.9759992755825948,0.8944046131684631,7.01
logistic_regression,deteriorates_in_60d,0.9603194341241058,0.8879661180514721,6.9
xgboost,deteriorates_in_60d,0.9776671573811765,0.9257468141072425,7.13
lightgbm,deteriorates_in_90d,0.9488983037215937,0.8509889528359714,5.97
logistic_regression,deteriorates_in_90d,0.9348532084846746,0.8409492976270588,5.85
xgboost,deteriorates_in_90d,0.9566752882616558,0.8955675008921644,6.23
